-- MySQL Script generated by MySQL Workbench
-- Thu Jul  5 19:14:27 2018
-- Model: New Model    Version: 1.0
-- MySQL Workbench Forward Engineering

SET @OLD_UNIQUE_CHECKS=@@UNIQUE_CHECKS, UNIQUE_CHECKS=0;
SET @OLD_FOREIGN_KEY_CHECKS=@@FOREIGN_KEY_CHECKS, FOREIGN_KEY_CHECKS=0;
SET @OLD_SQL_MODE=@@SQL_MODE, SQL_MODE='TRADITIONAL,ALLOW_INVALID_DATES';

-- -----------------------------------------------------
-- Schema trabclube
-- -----------------------------------------------------

-- -----------------------------------------------------
-- Schema trabclube
-- -----------------------------------------------------
CREATE SCHEMA IF NOT EXISTS `trabclube` DEFAULT CHARACTER SET utf8 ;
USE `trabclube` ;

-- -----------------------------------------------------
-- Table `trabclube`.`Cliente`
-- -----------------------------------------------------
CREATE TABLE IF NOT EXISTS `trabclube`.`Cliente` (
  `CodCliente` INT NOT NULL AUTO_INCREMENT,
  `Nome` VARCHAR(45) NULL,
  `CPF` CHAR(14) NULL,
  `RG` CHAR(8) NULL,
  `email` VARCHAR(45) NULL,
  `Telefone` CHAR(10) NULL,
  `Endereco` VARCHAR(45) NULL,
  `CEP` CHAR(10) NULL,
  `Estado` CHAR(2) NULL,
  PRIMARY KEY (`CodCliente`),
  UNIQUE INDEX `CPF_UNIQUE` (`CPF` ASC),
  UNIQUE INDEX `RG_UNIQUE` (`RG` ASC),
  UNIQUE INDEX `Telefone_UNIQUE` (`Telefone` ASC),
  UNIQUE INDEX `email_UNIQUE` (`email` ASC))
ENGINE = InnoDB;


-- -----------------------------------------------------
-- Table `trabclube`.`Compra`
-- -----------------------------------------------------
CREATE TABLE IF NOT EXISTS `trabclube`.`Compra` (
  `CodCompra` INT NOT NULL AUTO_INCREMENT,
  `Hora` TIME(5) NULL,
  `Data` DATE NULL,
  `ValorTotal` FLOAT NULL,
  `Cliente_CodCliente` INT NOT NULL,
  PRIMARY KEY (`CodCompra`, `Cliente_CodCliente`),
  INDEX `fk_Compra_Cliente1_idx` (`Cliente_CodCliente` ASC),
  CONSTRAINT `fk_Compra_Cliente1`
    FOREIGN KEY (`Cliente_CodCliente`)
    REFERENCES `trabclube`.`Cliente` (`CodCliente`)
    ON DELETE NO ACTION
    ON UPDATE NO ACTION)
ENGINE = InnoDB;


-- -----------------------------------------------------
-- Table `trabclube`.`produto`
-- -----------------------------------------------------
CREATE TABLE IF NOT EXISTS `trabclube`.`produto` (
  `CodProduto` INT NOT NULL AUTO_INCREMENT,
  `Nome` VARCHAR(45) NULL,
  `Preco` FLOAT NULL,
  PRIMARY KEY (`CodProduto`))
ENGINE = InnoDB;


-- -----------------------------------------------------
-- Table `trabclube`.`Itens`
-- -----------------------------------------------------
CREATE TABLE IF NOT EXISTS `trabclube`.`Itens` (
  `Compra_CodCompra` INT NOT NULL,
  `Compra_Cliente_CodCliente` INT NOT NULL,
  `produto_CodProduto` INT NOT NULL,
  `quant` INT NULL,
  PRIMARY KEY (`Compra_CodCompra`, `Compra_Cliente_CodCliente`, `produto_CodProduto`),
  INDEX `fk_Compra_has_produto_produto1_idx` (`produto_CodProduto` ASC),
  INDEX `fk_Compra_has_produto_Compra1_idx` (`Compra_CodCompra` ASC, `Compra_Cliente_CodCliente` ASC),
  CONSTRAINT `fk_Compra_has_produto_Compra1`
    FOREIGN KEY (`Compra_CodCompra` , `Compra_Cliente_CodCliente`)
    REFERENCES `trabclube`.`Compra` (`CodCompra` , `Cliente_CodCliente`)
    ON DELETE NO ACTION
    ON UPDATE NO ACTION,
  CONSTRAINT `fk_Compra_has_produto_produto1`
    FOREIGN KEY (`produto_CodProduto`)
    REFERENCES `trabclube`.`produto` (`CodProduto`)
    ON DELETE NO ACTION
    ON UPDATE NO ACTION)
ENGINE = InnoDB;


SET SQL_MODE=@OLD_SQL_MODE;
SET FOREIGN_KEY_CHECKS=@OLD_FOREIGN_KEY_CHECKS;
SET UNIQUE_CHECKS=@OLD_UNIQUE_CHECKS;

INSERT INTO `trabclube`.`cliente` (`CodCliente`, `Nome`, `CPF`, `RG`, `email`, `Telefone`, `Endereco`, `CEP`, `Estado`) VALUES ('1', 'João Maria', '256.693.558-20', '3698521', 'joaomari@bd.com', '2569-9999', 'Rua Muqui, 134, Serra', '29000-000', 'ES');
INSERT INTO `trabclube`.`cliente` (`CodCliente`, `Nome`, `CPF`, `RG`, `email`, `Telefone`, `Endereco`, `CEP`, `Estado`) VALUES ('2', 'Joana Rodrigues', '222.666.000-99', '9876321', 'joana@bd.com', '2569-8888', 'Rua Um, 145, Vitória', '29000-001', 'ES');
INSERT INTO `trabclube`.`cliente` (`CodCliente`, `Nome`, `CPF`, `RG`, `email`, `Telefone`, `Endereco`, `CEP`, `Estado`) VALUES ('3', 'Alice Silva', '222.333.666-08', '9876528', 'alicesil@bd.com', '2969-7777', 'Rua Dois, 278, Cariacica', '29000-888', 'ES');
INSERT INTO `trabclube`.`cliente` (`CodCliente`, `Nome`, `CPF`, `RG`, `email`, `Telefone`, `Endereco`, `CEP`, `Estado`) VALUES ('4', 'Brenda Cardoso', '222.365.850-00', '3636362', 'brend@bd.com', '3698-3256', 'Rua Linha, 333, Serra', '29000-999', 'ES');
INSERT INTO `trabclube`.`cliente` (`CodCliente`, `Nome`, `CPF`, `RG`, `email`, `Telefone`, `Endereco`, `CEP`, `Estado`) VALUES ('5', 'Lucas Manoel', '223.999.652-02', '2222035', 'lmano@bd.com', '9635-2589', 'Rua Marcos, 234, Guarapari', '29000-753', 'ES');
INSERT INTO `trabclube`.`cliente` (`CodCliente`, `Nome`, `CPF`, `RG`, `email`, `Telefone`, `Endereco`, `CEP`, `Estado`) VALUES ('6', 'Emanuel de Jesus', '239.999.550-01', '2222263', 'emje@bd.com', '9325-5896', 'Rua Canidé, 169, Serra', '29000-851', 'ES');
INSERT INTO `trabclube`.`cliente` (`CodCliente`, `Nome`, `CPF`, `RG`, `email`, `Telefone`, `Endereco`, `CEP`, `Estado`) VALUES ('7', 'Rogéria Xavier', '298.988.000-30', '3669696', 'rogexavi@bd.com', '9456-8745', 'Rua Rodrigues, 555, Vitória', '29000-991', 'ES');
INSERT INTO `trabclube`.`cliente` (`CodCliente`, `Nome`, `CPF`, `RG`, `email`, `Telefone`, `Endereco`, `CEP`, `Estado`) VALUES ('8', 'Amanda Machado', '230.987.001-60', '5256210', 'amachad@bd.com', '3654-1542', 'Rua Penha, 259, Serra', '29000-756', 'ES');
INSERT INTO `trabclube`.`cliente` (`CodCliente`, `Nome`, `CPF`, `RG`, `email`, `Telefone`, `Endereco`, `CEP`, `Estado`) VALUES ('9', 'Marcelo Oliveira', '239.855.120-20', '5250602', 'maroliver@bd.com', '5414-1252', 'Rua Nordeste, 98, Vila Velha', '29000-851', 'ES');
INSERT INTO `trabclube`.`cliente` (`CodCliente`, `Nome`, `CPF`, `RG`, `email`, `Telefone`, `Endereco`, `CEP`, `Estado`) VALUES ('10', 'Lúcia Borges', '123.999.320-03', '9549545', 'luborge@bd.com', '9875-6936', 'Rua Santos, 12, Vitória', '29000-741', 'ES');
INSERT INTO `trabclube`.`cliente` (`CodCliente`, `Nome`, `CPF`, `RG`, `email`, `Telefone`, `Endereco`, `CEP`, `Estado`) VALUES ('11', 'Alba Silveira', '236.983.655-88', '0250565', 'alsil@bd.com', '3658-5521', 'Rua Carlos, 45, Serra', '29000-777', 'ES');
INSERT INTO `trabclube`.`cliente` (`CodCliente`, `Nome`, `CPF`, `RG`, `email`, `Telefone`, `Endereco`, `CEP`, `Estado`) VALUES ('12', 'Vitória Rodrigues', '250.669.455-20', '5259965', 'vitro@bd.com', '2251-6365', 'Rua Miguel, 908, Vitória', '29000-222', 'ES');
INSERT INTO `trabclube`.`cliente` (`CodCliente`, `Nome`, `CPF`, `RG`, `email`, `Telefone`, `Endereco`, `CEP`, `Estado`) VALUES ('13', 'Silvana Barcelos', '250.699.256-20', '2500558', 'silbar@bd.com', '9856-2156', 'Rua Miquéias, 21, Cariacica', '29000-770', 'ES');
INSERT INTO `trabclube`.`cliente` (`CodCliente`, `Nome`, `CPF`, `RG`, `email`, `Telefone`, `Endereco`, `CEP`, `Estado`) VALUES ('14', 'Carlos Xavier', '250.999.888-50', '2065299', 'carlosxa@bd.com', '9632-5698', 'Rua Fernandes, 67, Serra', '29000-800', 'ES');
INSERT INTO `trabclube`.`cliente` (`CodCliente`, `Nome`, `CPF`, `RG`, `email`, `Telefone`, `Endereco`, `CEP`, `Estado`) VALUES ('15', 'Henrique Borges', '222.888.666-00', '9523658', 'henribor@bd.com', '8562-4510', 'Rua Três, 396, Vitória', '29000-807', 'ES');
INSERT INTO `trabclube`.`cliente` (`CodCliente`, `Nome`, `CPF`, `RG`, `email`, `Telefone`, `Endereco`, `CEP`, `Estado`) VALUES ('16', 'Sofia Aragão', '250.111.333-50', '6262902', 'sofiara@bd.com', '8541-2563', 'Rua Alagoas, 23, Cariacica', '29000-070', 'ES');
INSERT INTO `trabclube`.`cliente` (`CodCliente`, `Nome`, `CPF`, `RG`, `email`, `Telefone`, `Endereco`, `CEP`, `Estado`) VALUES ('17', 'Luíza Xavier', '523.888.888-88', '0650062', 'luxavier@bd.com', '8457-6321', 'Rua Pernambuco, 67, Serra', '29000-850', 'ES');
INSERT INTO `trabclube`.`cliente` (`CodCliente`, `Nome`, `CPF`, `RG`, `email`, `Telefone`, `Endereco`, `CEP`, `Estado`) VALUES ('18', 'João Pedro Rodrigues', '523.556.555-88', '5005550', 'jope@bd.com', '8479-5652', 'Rua Maranhão, 63, Vila Velha', '29000-860', 'ES');
INSERT INTO `trabclube`.`cliente` (`CodCliente`, `Nome`, `CPF`, `RG`, `email`, `Telefone`, `Endereco`, `CEP`, `Estado`) VALUES ('19', 'João Carlos Borges', '239.320.888-88', '0655566', 'joca@bd.com', '6554-5465', 'Rua Linhares, 456, Cariacica', '29000-877', 'ES');
INSERT INTO `trabclube`.`cliente` (`CodCliente`, `Nome`, `CPF`, `RG`, `email`, `Telefone`, `Endereco`, `CEP`, `Estado`) VALUES ('20', 'Vinicius Wendell', '858.852.222-22', '2555566', 'viniwen@bd.com', '6565-5122', 'Rua São João, 34, Serra', '29000-893', 'ES');
INSERT INTO `trabclube`.`cliente` (`CodCliente`, `Nome`, `CPF`, `RG`, `email`, `Telefone`, `Endereco`, `CEP`, `Estado`) VALUES ('21', 'Emily Lacerda', '858.666.321-00', '6620000', 'emilar@bd.com', '9556-2513', 'Rua Catorze, 269, Vitória', '29000-741', 'ES');
INSERT INTO `trabclube`.`cliente` (`CodCliente`, `Nome`, `CPF`, `RG`, `email`, `Telefone`, `Endereco`, `CEP`, `Estado`) VALUES ('22', 'Bianca Paviotti', '003.985.999-99', '3260969', 'bipavi@bd.com', '3546-5642', 'Rua Guarapari, 456, Cariacica', '29000-002', 'ES');
INSERT INTO `trabclube`.`cliente` (`CodCliente`, `Nome`, `CPF`, `RG`, `email`, `Telefone`, `Endereco`, `CEP`, `Estado`) VALUES ('23', 'Katy Aragão', '003.666.219-00', '3606633', 'katyara@bd.com', '5646-6541', 'Rua Guarulhos, 354, Serra', '29000-974', 'ES');
INSERT INTO `trabclube`.`cliente` (`CodCliente`, `Nome`, `CPF`, `RG`, `email`, `Telefone`, `Endereco`, `CEP`, `Estado`) VALUES ('24', 'Renato Aragão', '003.666.222-21', '6669999', 'reara@bd.com', '4512-5341', 'Rua Francoso, 26, Vitória', '29000-980', 'ES');
INSERT INTO `trabclube`.`cliente` (`CodCliente`, `Nome`, `CPF`, `RG`, `email`, `Telefone`, `Endereco`, `CEP`, `Estado`) VALUES ('25', 'Júlia Zonta', '999.999.999-99', '3652599', 'juzonta@bd.com', '9941-5321', 'Rua Henrique, 48, Vila Velha', '29001-888', 'ES');
INSERT INTO `trabclube`.`cliente` (`CodCliente`, `Nome`, `CPF`, `RG`, `email`, `Telefone`, `Endereco`, `CEP`, `Estado`) VALUES ('26', 'Rebeca Perim', '888.888.777-99', '2512854', 'rebecape@bd.com', '9815-5231', 'Rua Santo André, 234, Vila Velha', '29000-555', 'ES');
INSERT INTO `trabclube`.`cliente` (`CodCliente`, `Nome`, `CPF`, `RG`, `email`, `Telefone`, `Endereco`, `CEP`, `Estado`) VALUES ('27', 'Gabriel Paschoal', '878.999.999-00', '5229000', 'gabrielpas@bd.com', '9991-9922', 'Rua Santa Mônica, 243, Cariacica', '29010-102', 'ES');
INSERT INTO `trabclube`.`cliente` (`CodCliente`, `Nome`, `CPF`, `RG`, `email`, `Telefone`, `Endereco`, `CEP`, `Estado`) VALUES ('28', 'Valéria Paschoal', '959.959.959-00', '0565655', 'valpas@bd.com', '5143-2131', 'Rua Santa Mônica, 243, Cariacica', '29010-102', 'ES');
INSERT INTO `trabclube`.`cliente` (`CodCliente`, `Nome`, `CPF`, `RG`, `email`, `Telefone`, `Endereco`, `CEP`, `Estado`) VALUES ('29', 'Alberto Paschoal', '325.888.888-99', '9954425', 'albpas@bd.com', '9887-8854', 'Rua Santa Mônica, 243, Cariacica', '29010-102', 'ES');
INSERT INTO `trabclube`.`cliente` (`CodCliente`, `Nome`, `CPF`, `RG`, `email`, `Telefone`, `Endereco`, `CEP`, `Estado`) VALUES ('30', 'Cristina Portugal', '252.333.333-66', '6565421', 'crispas@bd.com', '9874-5233', 'Rua Senhor do Bonfim, 39, Serra', '29000-899', 'ES');
INSERT INTO `trabclube`.`cliente` (`CodCliente`, `Nome`, `CPF`, `RG`, `email`, `Telefone`, `Endereco`, `CEP`, `Estado`) VALUES ('31', 'Karina Paschoal', '666.666.666-00', '6200560', 'karinapas@bd.com', '9987-3691', 'Rua Santa Mônica, 243, Cariacica', '29010-102', 'ES');
INSERT INTO `trabclube`.`cliente` (`CodCliente`, `Nome`, `CPF`, `RG`, `email`, `Telefone`, `Endereco`, `CEP`, `Estado`) VALUES ('32', 'José Canal', '009.999.999-88', '6520055', 'jocanal@bd.com', '9632-4443', 'Rua Santa Isabel, 358, Vila Velha', '29002-888', 'ES');
INSERT INTO `trabclube`.`cliente` (`CodCliente`, `Nome`, `CPF`, `RG`, `email`, `Telefone`, `Endereco`, `CEP`, `Estado`) VALUES ('33', 'Luzia Canal', '009.255.655-99', '5298898', 'lucanal@bd.com', '9643-2212', 'Rua Santa Isabel, 358, Vila Velha', '29002-888', 'ES');
INSERT INTO `trabclube`.`cliente` (`CodCliente`, `Nome`, `CPF`, `RG`, `email`, `Telefone`, `Endereco`, `CEP`, `Estado`) VALUES ('34', 'Olinda Canal', '220.200.200-99', '5569696', 'olicanal@bd.com', '6644-3694', 'Rua Santa Isabel, 358, Vila Velha', '29002-888', 'ES');
INSERT INTO `trabclube`.`cliente` (`CodCliente`, `Nome`, `CPF`, `RG`, `email`, `Telefone`, `Endereco`, `CEP`, `Estado`) VALUES ('35', 'Celso Nascimento', '236.369.854-71', '5200005', 'celsonas@bd.com', '6414-1546', 'Rua Santa Isabel, 358, Vila Velha', '29002-888', 'ES');
INSERT INTO `trabclube`.`cliente` (`CodCliente`, `Nome`, `CPF`, `RG`, `email`, `Telefone`, `Endereco`, `CEP`, `Estado`) VALUES ('36', 'Célia Canal', '256.232.366-99', '9955666', 'celiacanal@bd.com', '6984-6452', 'Rua Oliveira, 32, Serra', '29002-999', 'ES');
INSERT INTO `trabclube`.`cliente` (`CodCliente`, `Nome`, `CPF`, `RG`, `email`, `Telefone`, `Endereco`, `CEP`, `Estado`) VALUES ('37', 'Juliana Canal', '222.222.999-88', '0525666', 'juli.anaca@bd.com', '8548-5462', 'Rua Oliveira, 32, Serra', '29002-999', 'ES');
INSERT INTO `trabclube`.`cliente` (`CodCliente`, `Nome`, `CPF`, `RG`, `email`, `Telefone`, `Endereco`, `CEP`, `Estado`) VALUES ('38', 'Tamires Nascimento', '888.000.000-90', '0005555', 'taminas@bd.com', '5687-6421', 'Rua Ramos, 177, Cariacica', '29888-888', 'ES');
INSERT INTO `trabclube`.`cliente` (`CodCliente`, `Nome`, `CPF`, `RG`, `email`, `Telefone`, `Endereco`, `CEP`, `Estado`) VALUES ('39', 'Carolina Nascimento', '895.256.641-98', '6660002', 'carolnas@bd.com', '8715-5113', 'Rua Ramos, 177, Cariacica', '29888-888', 'ES');
INSERT INTO `trabclube`.`cliente` (`CodCliente`, `Nome`, `CPF`, `RG`, `email`, `Telefone`, `Endereco`, `CEP`, `Estado`) VALUES ('40', 'Júlia Moraes', '895.641.518-52', '6565556', 'jumo@bd.com', '3654-4154', 'Rua Santa Clara, 563, Serra', '29000-555', 'ES');

UPDATE `trabclube`.`cliente` SET `Nome`='Joao Maria' WHERE `CodCliente`='1';
UPDATE `trabclube`.`cliente` SET `Nome`='Rogeria Xavier', `Endereco`='Rua Rodrigues, 555, Vitoria' WHERE `CodCliente`='7';
UPDATE `trabclube`.`cliente` SET `Nome`='Lucia Borges', `Endereco`='Rua Santos, 12, Vitoria' WHERE `CodCliente`='10';
UPDATE `trabclube`.`cliente` SET `Nome`='Vitoria Rodrigues', `Endereco`='Rua Miguel, 908, Vitoria' WHERE `CodCliente`='12';
UPDATE `trabclube`.`cliente` SET `Nome`='Luiza Xavier' WHERE `CodCliente`='17';
UPDATE `trabclube`.`cliente` SET `Nome`='Joao Pedro Rodrigues', `Endereco`='Rua Maranhao, 63, Vila Velha' WHERE `CodCliente`='18';
UPDATE `trabclube`.`cliente` SET `Nome`='Joao Carlos Borges' WHERE `CodCliente`='19';
UPDATE `trabclube`.`cliente` SET `Nome`='Sofia Aragao' WHERE `CodCliente`='16';
UPDATE `trabclube`.`cliente` SET `Nome`='Katy Aragao' WHERE `CodCliente`='23';
UPDATE `trabclube`.`cliente` SET `Nome`='Renato Aragao', `Endereco`='Rua Francoso, 26, Vitoria' WHERE `CodCliente`='24';
UPDATE `trabclube`.`cliente` SET `Nome`='Julia Zonta' WHERE `CodCliente`='25';
UPDATE `trabclube`.`cliente` SET `Nome`='Valeria Paschoal', `Endereco`='Rua Santa Monica, 243, Cariacica' WHERE `CodCliente`='28';
UPDATE `trabclube`.`cliente` SET `Nome`='Jose Canal' WHERE `CodCliente`='32';
UPDATE `trabclube`.`cliente` SET `Nome`='Celia Canal' WHERE `CodCliente`='36';
UPDATE `trabclube`.`cliente` SET `Nome`='Julia Moraes' WHERE `CodCliente`='40';
UPDATE `trabclube`.`cliente` SET `Endereco`='Rua Canide, 169, Serra' WHERE `CodCliente`='6';
UPDATE `trabclube`.`cliente` SET `Endereco`='Rua Miqueias, 21, Cariacica' WHERE `CodCliente`='13';
UPDATE `trabclube`.`cliente` SET `Endereco`='Rua Tres, 396, Vitoria' WHERE `CodCliente`='15';
UPDATE `trabclube`.`cliente` SET `Endereco`='Rua Sao Joao, 34, Serra' WHERE `CodCliente`='20';
UPDATE `trabclube`.`cliente` SET `Endereco`='Rua Santo Andre, 234, Vila Velha' WHERE `CodCliente`='26';
UPDATE `trabclube`.`cliente` SET `Endereco`='Rua Santa Mpnica, 243, Cariacica' WHERE `CodCliente`='27';
UPDATE `trabclube`.`cliente` SET `Endereco`='Rua Santa Monica, 243, Cariacica' WHERE `CodCliente`='29';
UPDATE `trabclube`.`cliente` SET `Endereco`='Rua Santa Monica, 243, Cariacica' WHERE `CodCliente`='31';
UPDATE `trabclube`.`cliente` SET `Endereco`='Rua Catorze, 269, Vitoria' WHERE `CodCliente`='21';
UPDATE `trabclube`.`cliente` SET `Endereco`='Rua Um, 145, Vitoria' WHERE `CodCliente`='2';

INSERT INTO `trabclube`.`compra` (`CodCompra`, `Hora`, `Data`, `ValorTotal`, `Cliente_CodCliente`) VALUES ('001', '13:00', '2018-07-02', '50.00', '27');
INSERT INTO `trabclube`.`compra` (`CodCompra`, `Hora`, `Data`, `ValorTotal`, `Cliente_CodCliente`) VALUES ('002', '13:23', '2018-07-02', '06.00', '29');
INSERT INTO `trabclube`.`compra` (`CodCompra`, `Hora`, `Data`, `ValorTotal`, `Cliente_CodCliente`) VALUES ('003', '13:36', '2018-07-02', '55.00', '28');
INSERT INTO `trabclube`.`compra` (`CodCompra`, `Hora`, `Data`, `ValorTotal`, `Cliente_CodCliente`) VALUES ('004', '14:00', '2018-07-02', '89.25', '36');
INSERT INTO `trabclube`.`compra` (`CodCompra`, `Hora`, `Data`, `ValorTotal`, `Cliente_CodCliente`) VALUES ('005', '14:09', '2018-07-02', '154.75', '37');
INSERT INTO `trabclube`.`compra` (`CodCompra`, `Hora`, `Data`, `ValorTotal`, `Cliente_CodCliente`) VALUES ('006', '14:31', '2018-07-02', '28.00', '32');
INSERT INTO `trabclube`.`compra` (`CodCompra`, `Hora`, `Data`, `ValorTotal`, `Cliente_CodCliente`) VALUES ('007', '14:36', '2018-07-02', '90.50', '33');
INSERT INTO `trabclube`.`compra` (`CodCompra`, `Hora`, `Data`, `ValorTotal`, `Cliente_CodCliente`) VALUES ('008', '14:40', '2018-07-02', '65.30', '35');
INSERT INTO `trabclube`.`compra` (`CodCompra`, `Hora`, `Data`, `ValorTotal`, `Cliente_CodCliente`) VALUES ('009', '14:55', '2018-07-02', '17.50', '34');
INSERT INTO `trabclube`.`compra` (`CodCompra`, `Hora`, `Data`, `ValorTotal`, `Cliente_CodCliente`) VALUES ('010', '15:00', '2018-07-02', '93.75', '1');
INSERT INTO `trabclube`.`compra` (`CodCompra`, `Hora`, `Data`, `ValorTotal`, `Cliente_CodCliente`) VALUES ('011', '15:45', '2018-07-02', '34.50', '30');
INSERT INTO `trabclube`.`compra` (`CodCompra`, `Hora`, `Data`, `ValorTotal`, `Cliente_CodCliente`) VALUES ('012', '15:48', '2018-07-02', '64.10', '31');
INSERT INTO `trabclube`.`compra` (`CodCompra`, `Hora`, `Data`, `ValorTotal`, `Cliente_CodCliente`) VALUES ('013', '15:56', '2018-07-02', '201.50', '2');
INSERT INTO `trabclube`.`compra` (`CodCompra`, `Hora`, `Data`, `ValorTotal`, `Cliente_CodCliente`) VALUES ('014', '15:59', '2018-07-02', '80.50', '3');
INSERT INTO `trabclube`.`compra` (`CodCompra`, `Hora`, `Data`, `ValorTotal`, `Cliente_CodCliente`) VALUES ('015', '16:10', '2018-07-02', '97.75', '4');
INSERT INTO `trabclube`.`compra` (`CodCompra`, `Hora`, `Data`, `ValorTotal`, `Cliente_CodCliente`) VALUES ('016', '16:11', '2018-07-02', '40.50', '5');
INSERT INTO `trabclube`.`compra` (`CodCompra`, `Hora`, `Data`, `ValorTotal`, `Cliente_CodCliente`) VALUES ('017', '16:22', '2018-07-02', '30.75', '6');
INSERT INTO `trabclube`.`compra` (`CodCompra`, `Hora`, `Data`, `ValorTotal`, `Cliente_CodCliente`) VALUES ('018', '16:30', '2018-07-02', '107.75', '7');
INSERT INTO `trabclube`.`compra` (`CodCompra`, `Hora`, `Data`, `ValorTotal`, `Cliente_CodCliente`) VALUES ('019', '16:32', '2018-07-02', '14.50', '8');
INSERT INTO `trabclube`.`compra` (`CodCompra`, `Hora`, `Data`, `ValorTotal`, `Cliente_CodCliente`) VALUES ('020', '16:48', '2018-07-02', '82.75', '9');
INSERT INTO `trabclube`.`compra` (`CodCompra`, `Hora`, `Data`, `ValorTotal`, `Cliente_CodCliente`) VALUES ('021', '16:55', '2018-07-02', '60.50', '10');
INSERT INTO `trabclube`.`compra` (`CodCompra`, `Hora`, `Data`, `ValorTotal`, `Cliente_CodCliente`) VALUES ('022', '17:00', '2018-07-02', '92.50', '11');
INSERT INTO `trabclube`.`compra` (`CodCompra`, `Hora`, `Data`, `ValorTotal`, `Cliente_CodCliente`) VALUES ('023', '17:05', '2018-07-02', '25.75', '12');
INSERT INTO `trabclube`.`compra` (`CodCompra`, `Hora`, `Data`, `ValorTotal`, `Cliente_CodCliente`) VALUES ('024', '17:30', '2018-07-02', '30.00', '13');
INSERT INTO `trabclube`.`compra` (`CodCompra`, `Hora`, `Data`, `ValorTotal`, `Cliente_CodCliente`) VALUES ('025', '17:30', '2018-07-02', '52.00', '14');
INSERT INTO `trabclube`.`compra` (`CodCompra`, `Hora`, `Data`, `ValorTotal`, `Cliente_CodCliente`) VALUES ('026', '17:30', '2018-07-02', '175.25', '15');
INSERT INTO `trabclube`.`compra` (`CodCompra`, `Hora`, `Data`, `ValorTotal`, `Cliente_CodCliente`) VALUES ('027', '12:00', '2018-07-03', '82.90', '16');
INSERT INTO `trabclube`.`compra` (`CodCompra`, `Hora`, `Data`, `ValorTotal`, `Cliente_CodCliente`) VALUES ('028', '12:50', '2018-07-03', '45.90', '17');
INSERT INTO `trabclube`.`compra` (`CodCompra`, `Hora`, `Data`, `ValorTotal`, `Cliente_CodCliente`) VALUES ('029', '13:30', '2018-07-03', '15.85', '18');
INSERT INTO `trabclube`.`compra` (`CodCompra`, `Hora`, `Data`, `ValorTotal`, `Cliente_CodCliente`) VALUES ('030', '13:55', '2018-07-03', '45.90', '19');

INSERT INTO `trabclube`.`produto` (`CodProduto`, `Nome`, `Preco`) VALUES ('1', 'Churrasquinho', '4.00');
INSERT INTO `trabclube`.`produto` (`CodProduto`, `Nome`, `Preco`) VALUES ('2', 'Refrigerante lata', '4.00');
INSERT INTO `trabclube`.`produto` (`CodProduto`, `Nome`, `Preco`) VALUES ('3', 'Refrigerante 600ml', '5.50');
INSERT INTO `trabclube`.`produto` (`CodProduto`, `Nome`, `Preco`) VALUES ('4', 'Refrigerante 1.5l', '7.00');
INSERT INTO `trabclube`.`produto` (`CodProduto`, `Nome`, `Preco`) VALUES ('5', 'Refrigerante 2l', '9.00');
INSERT INTO `trabclube`.`produto` (`CodProduto`, `Nome`, `Preco`) VALUES ('6', 'Cerveja lata', '4.00');
INSERT INTO `trabclube`.`produto` (`CodProduto`, `Nome`, `Preco`) VALUES ('7', 'Cerveja latao', '5.00');
INSERT INTO `trabclube`.`produto` (`CodProduto`, `Nome`, `Preco`) VALUES ('8', 'Cerveja litrao', '9.00');
INSERT INTO `trabclube`.`produto` (`CodProduto`, `Nome`, `Preco`) VALUES ('9', 'Cerveja litrinho', '3.50');
INSERT INTO `trabclube`.`produto` (`CodProduto`, `Nome`, `Preco`) VALUES ('10', 'Salgado frito', '3.75');
INSERT INTO `trabclube`.`produto` (`CodProduto`, `Nome`, `Preco`) VALUES ('11', 'Salgado assado', '4.50');
INSERT INTO `trabclube`.`produto` (`CodProduto`, `Nome`, `Preco`) VALUES ('12', 'Porcao batata frita 500g', '15.00');
INSERT INTO `trabclube`.`produto` (`CodProduto`, `Nome`, `Preco`) VALUES ('13', 'Porcao batata frita e carne 1kg', '25.00');
INSERT INTO `trabclube`.`produto` (`CodProduto`, `Nome`, `Preco`) VALUES ('14', 'Porcao batata frita e frango 1kg', '23.50');
INSERT INTO `trabclube`.`produto` (`CodProduto`, `Nome`, `Preco`) VALUES ('15', 'Bala', '0.10');
INSERT INTO `trabclube`.`produto` (`CodProduto`, `Nome`, `Preco`) VALUES ('16', 'Bombom', '0.75');
INSERT INTO `trabclube`.`produto` (`CodProduto`, `Nome`, `Preco`) VALUES ('17', 'Suco polpa 400ml', '4.00');
INSERT INTO `trabclube`.`produto` (`CodProduto`, `Nome`, `Preco`) VALUES ('18', 'Suco polpa jarra', '8.00');
INSERT INTO `trabclube`.`produto` (`CodProduto`, `Nome`, `Preco`) VALUES ('19', 'Pirulito unidade', '1.00');
INSERT INTO `trabclube`.`produto` (`CodProduto`, `Nome`, `Preco`) VALUES ('20', 'Picolé unidade', '3.50');
INSERT INTO `trabclube`.`produto` (`CodProduto`, `Nome`, `Preco`) VALUES ('21', 'Chiclete ', '0.25');
INSERT INTO `trabclube`.`produto` (`CodProduto`, `Nome`, `Preco`) VALUES ('22', 'Sanduiche natural', '6.00');
INSERT INTO `trabclube`.`produto` (`CodProduto`, `Nome`, `Preco`) VALUES ('23', 'Entrada', '15.00');
INSERT INTO `trabclube`.`produto` (`CodProduto`, `Nome`, `Preco`) VALUES ('24', 'Piscina artificial', '10.00');
INSERT INTO `trabclube`.`produto` (`CodProduto`, `Nome`, `Preco`) VALUES ('25', 'Hamburguer', '7.00');
INSERT INTO `trabclube`.`produto` (`CodProduto`, `Nome`, `Preco`) VALUES ('26', 'X egg bacon', '8.50');
INSERT INTO `trabclube`.`produto` (`CodProduto`, `Nome`, `Preco`) VALUES ('27', 'X egg', '8.00');
INSERT INTO `trabclube`.`produto` (`CodProduto`, `Nome`, `Preco`) VALUES ('28', 'X tudo', '15.00');
INSERT INTO `trabclube`.`produto` (`CodProduto`, `Nome`, `Preco`) VALUES ('29', 'Acai 300ml', '12.00');
INSERT INTO `trabclube`.`produto` (`CodProduto`, `Nome`, `Preco`) VALUES ('30', 'Acai 500ml', '15.00');

INSERT INTO `trabclube`.`itens` (`Compra_CodCompra`, `Compra_Cliente_CodCliente`, `produto_CodProduto` , `quant`) VALUES ('1', '27', '23', '1');
INSERT INTO `trabclube`.`itens` (`Compra_CodCompra`, `Compra_Cliente_CodCliente`, `produto_CodProduto` , `quant`) VALUES ('1', '27', '24', '1');
INSERT INTO `trabclube`.`itens` (`Compra_CodCompra`, `Compra_Cliente_CodCliente`, `produto_CodProduto` , `quant`) VALUES ('1', '27', '3', '1');
INSERT INTO `trabclube`.`itens` (`Compra_CodCompra`, `Compra_Cliente_CodCliente`, `produto_CodProduto` , `quant`) VALUES ('1', '27', '30', '1');
INSERT INTO `trabclube`.`itens` (`Compra_CodCompra`, `Compra_Cliente_CodCliente`, `produto_CodProduto` , `quant`) VALUES ('2', '29', '23', '1');
INSERT INTO `trabclube`.`itens` (`Compra_CodCompra`, `Compra_Cliente_CodCliente`, `produto_CodProduto` , `quant`) VALUES ('2', '29', '5', '1');
INSERT INTO `trabclube`.`itens` (`Compra_CodCompra`, `Compra_Cliente_CodCliente`, `produto_CodProduto` , `quant`) VALUES ('3', '28', '23', '1');
INSERT INTO `trabclube`.`itens` (`Compra_CodCompra`, `Compra_Cliente_CodCliente`, `produto_CodProduto` , `quant`) VALUES ('3', '28', '24', '1');
INSERT INTO `trabclube`.`itens` (`Compra_CodCompra`, `Compra_Cliente_CodCliente`, `produto_CodProduto` , `quant`) VALUES ('3', '28', '6', '1');
INSERT INTO `trabclube`.`itens` (`Compra_CodCompra`, `Compra_Cliente_CodCliente`, `produto_CodProduto` , `quant`) VALUES ('3', '28', '9', '1');
INSERT INTO `trabclube`.`itens` (`Compra_CodCompra`, `Compra_Cliente_CodCliente`, `produto_CodProduto` , `quant`) VALUES ('3', '28', '4', '1');
INSERT INTO `trabclube`.`itens` (`Compra_CodCompra`, `Compra_Cliente_CodCliente`, `produto_CodProduto` , `quant`) VALUES ('3', '28', '8', '1');
INSERT INTO `trabclube`.`itens` (`Compra_CodCompra`, `Compra_Cliente_CodCliente`, `produto_CodProduto` , `quant`) VALUES ('4', '36', '23', '1');
INSERT INTO `trabclube`.`itens` (`Compra_CodCompra`, `Compra_Cliente_CodCliente`, `produto_CodProduto` , `quant`) VALUES ('4', '36', '24', '1');
INSERT INTO `trabclube`.`itens` (`Compra_CodCompra`, `Compra_Cliente_CodCliente`, `produto_CodProduto` , `quant`) VALUES ('5', '37', '23', '1');
INSERT INTO `trabclube`.`itens` (`Compra_CodCompra`, `Compra_Cliente_CodCliente`, `produto_CodProduto` , `quant`) VALUES ('6', '32', '23', '1');
INSERT INTO `trabclube`.`itens` (`Compra_CodCompra`, `Compra_Cliente_CodCliente`, `produto_CodProduto` , `quant`) VALUES ('7', '33', '23', '1');
INSERT INTO `trabclube`.`itens` (`Compra_CodCompra`, `Compra_Cliente_CodCliente`, `produto_CodProduto` , `quant`) VALUES ('7', '33', '24', '1');
INSERT INTO `trabclube`.`itens` (`Compra_CodCompra`, `Compra_Cliente_CodCliente`, `produto_CodProduto` , `quant`) VALUES ('8', '35', '23', '1');
INSERT INTO `trabclube`.`itens` (`Compra_CodCompra`, `Compra_Cliente_CodCliente`, `produto_CodProduto` , `quant`) VALUES ('8', '35', '4', '1');
INSERT INTO `trabclube`.`itens` (`Compra_CodCompra`, `Compra_Cliente_CodCliente`, `produto_CodProduto` , `quant`) VALUES ('9', '34', '7', '1');
INSERT INTO `trabclube`.`itens` (`Compra_CodCompra`, `Compra_Cliente_CodCliente`, `produto_CodProduto` , `quant`) VALUES ('9', '34', '11', '1');
INSERT INTO `trabclube`.`itens` (`Compra_CodCompra`, `Compra_Cliente_CodCliente`, `produto_CodProduto` , `quant`) VALUES ('9', '34', '23', '1');
INSERT INTO `trabclube`.`itens` (`Compra_CodCompra`, `Compra_Cliente_CodCliente`, `produto_CodProduto` , `quant`) VALUES ('10', '1', '23', '1');
INSERT INTO `trabclube`.`itens` (`Compra_CodCompra`, `Compra_Cliente_CodCliente`, `produto_CodProduto` , `quant`) VALUES ('10', '1', '24', '1');
INSERT INTO `trabclube`.`itens` (`Compra_CodCompra`, `Compra_Cliente_CodCliente`, `produto_CodProduto` , `quant`) VALUES ('10', '1', '6', '1');
INSERT INTO `trabclube`.`itens` (`Compra_CodCompra`, `Compra_Cliente_CodCliente`, `produto_CodProduto` , `quant`) VALUES ('10', '1', '14', '1');
INSERT INTO `trabclube`.`itens` (`Compra_CodCompra`, `Compra_Cliente_CodCliente`, `produto_CodProduto` , `quant`) VALUES ('10', '1', '12', '1');
INSERT INTO `trabclube`.`itens` (`Compra_CodCompra`, `Compra_Cliente_CodCliente`, `produto_CodProduto` , `quant`) VALUES ('11', '30', '23', '1');
INSERT INTO `trabclube`.`itens` (`Compra_CodCompra`, `Compra_Cliente_CodCliente`, `produto_CodProduto` , `quant`) VALUES ('11', '30', '15', '1');
INSERT INTO `trabclube`.`itens` (`Compra_CodCompra`, `Compra_Cliente_CodCliente`, `produto_CodProduto` , `quant`) VALUES ('11', '30', '30', '1');
INSERT INTO `trabclube`.`itens` (`Compra_CodCompra`, `Compra_Cliente_CodCliente`, `produto_CodProduto` , `quant`) VALUES ('12', '31', '25', '1');
INSERT INTO `trabclube`.`itens` (`Compra_CodCompra`, `Compra_Cliente_CodCliente`, `produto_CodProduto` , `quant`) VALUES ('12', '31', '23', '1');
INSERT INTO `trabclube`.`itens` (`Compra_CodCompra`, `Compra_Cliente_CodCliente`, `produto_CodProduto` , `quant`) VALUES ('12', '31', '26', '1');
INSERT INTO `trabclube`.`itens` (`Compra_CodCompra`, `Compra_Cliente_CodCliente`, `produto_CodProduto` , `quant`) VALUES ('12', '31', '5', '1');
INSERT INTO `trabclube`.`itens` (`Compra_CodCompra`, `Compra_Cliente_CodCliente`, `produto_CodProduto` , `quant`) VALUES ('13', '2', '23', '1');
INSERT INTO `trabclube`.`itens` (`Compra_CodCompra`, `Compra_Cliente_CodCliente`, `produto_CodProduto` , `quant`) VALUES ('13', '2', '3', '1');
INSERT INTO `trabclube`.`itens` (`Compra_CodCompra`, `Compra_Cliente_CodCliente`, `produto_CodProduto` , `quant`) VALUES ('13', '2', '6', '1');
INSERT INTO `trabclube`.`itens` (`Compra_CodCompra`, `Compra_Cliente_CodCliente`, `produto_CodProduto` , `quant`) VALUES ('13', '2', '15', '1');
INSERT INTO `trabclube`.`itens` (`Compra_CodCompra`, `Compra_Cliente_CodCliente`, `produto_CodProduto` , `quant`) VALUES ('13', '2', '16', '1');
INSERT INTO `trabclube`.`itens` (`Compra_CodCompra`, `Compra_Cliente_CodCliente`, `produto_CodProduto` , `quant`) VALUES ('13', '2', '27', '1');
INSERT INTO `trabclube`.`itens` (`Compra_CodCompra`, `Compra_Cliente_CodCliente`, `produto_CodProduto` , `quant`) VALUES ('13', '2', '30', '1');
INSERT INTO `trabclube`.`itens` (`Compra_CodCompra`, `Compra_Cliente_CodCliente`, `produto_CodProduto` , `quant`) VALUES ('13', '2', '9', '1');
INSERT INTO `trabclube`.`itens` (`Compra_CodCompra`, `Compra_Cliente_CodCliente`, `produto_CodProduto` , `quant`) VALUES ('13', '2', '7', '1');
INSERT INTO `trabclube`.`itens` (`Compra_CodCompra`, `Compra_Cliente_CodCliente`, `produto_CodProduto` , `quant`) VALUES ('13', '2', '10', '1');
INSERT INTO `trabclube`.`itens` (`Compra_CodCompra`, `Compra_Cliente_CodCliente`, `produto_CodProduto` , `quant`) VALUES ('14', '3', '23', '1');
INSERT INTO `trabclube`.`itens` (`Compra_CodCompra`, `Compra_Cliente_CodCliente`, `produto_CodProduto` , `quant`) VALUES ('14', '3', '24', '1');
INSERT INTO `trabclube`.`itens` (`Compra_CodCompra`, `Compra_Cliente_CodCliente`, `produto_CodProduto` , `quant`) VALUES ('14', '3', '10', '1');
INSERT INTO `trabclube`.`itens` (`Compra_CodCompra`, `Compra_Cliente_CodCliente`, `produto_CodProduto` , `quant`) VALUES ('14', '3', '15', '1');
INSERT INTO `trabclube`.`itens` (`Compra_CodCompra`, `Compra_Cliente_CodCliente`, `produto_CodProduto` , `quant`) VALUES ('14', '3', '22', '1');
INSERT INTO `trabclube`.`itens` (`Compra_CodCompra`, `Compra_Cliente_CodCliente`, `produto_CodProduto` , `quant`) VALUES ('15', '4', '23', '1');
INSERT INTO `trabclube`.`itens` (`Compra_CodCompra`, `Compra_Cliente_CodCliente`, `produto_CodProduto` , `quant`) VALUES ('15', '4', '30', '1');
INSERT INTO `trabclube`.`itens` (`Compra_CodCompra`, `Compra_Cliente_CodCliente`, `produto_CodProduto` , `quant`) VALUES ('15', '4', '1', '1');
INSERT INTO `trabclube`.`itens` (`Compra_CodCompra`, `Compra_Cliente_CodCliente`, `produto_CodProduto` , `quant`) VALUES ('15', '4', '5', '1');
INSERT INTO `trabclube`.`itens` (`Compra_CodCompra`, `Compra_Cliente_CodCliente`, `produto_CodProduto` , `quant`) VALUES ('15', '4', '10', '1');
INSERT INTO `trabclube`.`itens` (`Compra_CodCompra`, `Compra_Cliente_CodCliente`, `produto_CodProduto` , `quant`) VALUES ('16', '5', '23', '1');
INSERT INTO `trabclube`.`itens` (`Compra_CodCompra`, `Compra_Cliente_CodCliente`, `produto_CodProduto` , `quant`) VALUES ('16', '5', '9', '1');
INSERT INTO `trabclube`.`itens` (`Compra_CodCompra`, `Compra_Cliente_CodCliente`, `produto_CodProduto` , `quant`) VALUES ('16', '5', '10', '1');
INSERT INTO `trabclube`.`itens` (`Compra_CodCompra`, `Compra_Cliente_CodCliente`, `produto_CodProduto` , `quant`) VALUES ('17', '6', '23', '1');
INSERT INTO `trabclube`.`itens` (`Compra_CodCompra`, `Compra_Cliente_CodCliente`, `produto_CodProduto` , `quant`) VALUES ('17', '6', '5', '1');
INSERT INTO `trabclube`.`itens` (`Compra_CodCompra`, `Compra_Cliente_CodCliente`, `produto_CodProduto` , `quant`) VALUES ('17', '6', '8', '1');
INSERT INTO `trabclube`.`itens` (`Compra_CodCompra`, `Compra_Cliente_CodCliente`, `produto_CodProduto` , `quant`) VALUES ('18', '7', '23', '1');
INSERT INTO `trabclube`.`itens` (`Compra_CodCompra`, `Compra_Cliente_CodCliente`, `produto_CodProduto` , `quant`) VALUES ('18', '7', '24', '1');
INSERT INTO `trabclube`.`itens` (`Compra_CodCompra`, `Compra_Cliente_CodCliente`, `produto_CodProduto` , `quant`) VALUES ('18', '7', '15', '1');
INSERT INTO `trabclube`.`itens` (`Compra_CodCompra`, `Compra_Cliente_CodCliente`, `produto_CodProduto` , `quant`) VALUES ('18', '7', '8', '1');
INSERT INTO `trabclube`.`itens` (`Compra_CodCompra`, `Compra_Cliente_CodCliente`, `produto_CodProduto` , `quant`) VALUES ('18', '7', '3', '1');
INSERT INTO `trabclube`.`itens` (`Compra_CodCompra`, `Compra_Cliente_CodCliente`, `produto_CodProduto` , `quant`) VALUES ('18', '7', '1', '1');
INSERT INTO `trabclube`.`itens` (`Compra_CodCompra`, `Compra_Cliente_CodCliente`, `produto_CodProduto` , `quant`) VALUES ('18', '7', '20', '1');
INSERT INTO `trabclube`.`itens` (`Compra_CodCompra`, `Compra_Cliente_CodCliente`, `produto_CodProduto` , `quant`) VALUES ('19', '8', '23', '1');
INSERT INTO `trabclube`.`itens` (`Compra_CodCompra`, `Compra_Cliente_CodCliente`, `produto_CodProduto` , `quant`) VALUES ('20', '9', '23', '1');
INSERT INTO `trabclube`.`itens` (`Compra_CodCompra`, `Compra_Cliente_CodCliente`, `produto_CodProduto` , `quant`) VALUES ('20', '9', '10', '1');
INSERT INTO `trabclube`.`itens` (`Compra_CodCompra`, `Compra_Cliente_CodCliente`, `produto_CodProduto` , `quant`) VALUES ('20', '9', '9', '1');
INSERT INTO `trabclube`.`itens` (`Compra_CodCompra`, `Compra_Cliente_CodCliente`, `produto_CodProduto` , `quant`) VALUES ('20', '9', '30', '1');
INSERT INTO `trabclube`.`itens` (`Compra_CodCompra`, `Compra_Cliente_CodCliente`, `produto_CodProduto` , `quant`) VALUES ('20', '9', '20', '1');
INSERT INTO `trabclube`.`itens` (`Compra_CodCompra`, `Compra_Cliente_CodCliente`, `produto_CodProduto` , `quant`) VALUES ('21', '10', '23', '1');
INSERT INTO `trabclube`.`itens` (`Compra_CodCompra`, `Compra_Cliente_CodCliente`, `produto_CodProduto` , `quant`) VALUES ('21', '10', '24', '1');
INSERT INTO `trabclube`.`itens` (`Compra_CodCompra`, `Compra_Cliente_CodCliente`, `produto_CodProduto` , `quant`) VALUES ('21', '10', '5', '1');
INSERT INTO `trabclube`.`itens` (`Compra_CodCompra`, `Compra_Cliente_CodCliente`, `produto_CodProduto` , `quant`) VALUES ('21', '10', '10', '1');
INSERT INTO `trabclube`.`itens` (`Compra_CodCompra`, `Compra_Cliente_CodCliente`, `produto_CodProduto` , `quant`) VALUES ('22', '11', '23', '1');
INSERT INTO `trabclube`.`itens` (`Compra_CodCompra`, `Compra_Cliente_CodCliente`, `produto_CodProduto` , `quant`) VALUES ('22', '11', '9', '1');
INSERT INTO `trabclube`.`itens` (`Compra_CodCompra`, `Compra_Cliente_CodCliente`, `produto_CodProduto` , `quant`) VALUES ('22', '11', '6', '1');
INSERT INTO `trabclube`.`itens` (`Compra_CodCompra`, `Compra_Cliente_CodCliente`, `produto_CodProduto` , `quant`) VALUES ('22', '11', '22', '1');
INSERT INTO `trabclube`.`itens` (`Compra_CodCompra`, `Compra_Cliente_CodCliente`, `produto_CodProduto` , `quant`) VALUES ('22', '11', '15', '1');
INSERT INTO `trabclube`.`itens` (`Compra_CodCompra`, `Compra_Cliente_CodCliente`, `produto_CodProduto` , `quant`) VALUES ('22', '11', '2', '1');
INSERT INTO `trabclube`.`itens` (`Compra_CodCompra`, `Compra_Cliente_CodCliente`, `produto_CodProduto` , `quant`) VALUES ('22', '11', '3', '1');
INSERT INTO `trabclube`.`itens` (`Compra_CodCompra`, `Compra_Cliente_CodCliente`, `produto_CodProduto` , `quant`) VALUES ('22', '11', '30', '1');
INSERT INTO `trabclube`.`itens` (`Compra_CodCompra`, `Compra_Cliente_CodCliente`, `produto_CodProduto` , `quant`) VALUES ('23', '12', '23', '1');
INSERT INTO `trabclube`.`itens` (`Compra_CodCompra`, `Compra_Cliente_CodCliente`, `produto_CodProduto` , `quant`) VALUES ('23', '12', '24', '1');
INSERT INTO `trabclube`.`itens` (`Compra_CodCompra`, `Compra_Cliente_CodCliente`, `produto_CodProduto` , `quant`) VALUES ('23', '12', '6', '1');
INSERT INTO `trabclube`.`itens` (`Compra_CodCompra`, `Compra_Cliente_CodCliente`, `produto_CodProduto` , `quant`) VALUES ('24', '13', '23', '1');
INSERT INTO `trabclube`.`itens` (`Compra_CodCompra`, `Compra_Cliente_CodCliente`, `produto_CodProduto` , `quant`) VALUES ('24', '13', '24', '1');
INSERT INTO `trabclube`.`itens` (`Compra_CodCompra`, `Compra_Cliente_CodCliente`, `produto_CodProduto` , `quant`) VALUES ('24', '13', '30', '1');
INSERT INTO `trabclube`.`itens` (`Compra_CodCompra`, `Compra_Cliente_CodCliente`, `produto_CodProduto` , `quant`) VALUES ('25', '14', '23', '1');
INSERT INTO `trabclube`.`itens` (`Compra_CodCompra`, `Compra_Cliente_CodCliente`, `produto_CodProduto` , `quant`) VALUES ('25', '14', '24', '1');
INSERT INTO `trabclube`.`itens` (`Compra_CodCompra`, `Compra_Cliente_CodCliente`, `produto_CodProduto` , `quant`) VALUES ('25', '14', '6', '1');
INSERT INTO `trabclube`.`itens` (`Compra_CodCompra`, `Compra_Cliente_CodCliente`, `produto_CodProduto` , `quant`) VALUES ('25', '14', '3', '1');
INSERT INTO `trabclube`.`itens` (`Compra_CodCompra`, `Compra_Cliente_CodCliente`, `produto_CodProduto` , `quant`) VALUES ('26', '15', '23', '1');
INSERT INTO `trabclube`.`itens` (`Compra_CodCompra`, `Compra_Cliente_CodCliente`, `produto_CodProduto` , `quant`) VALUES ('26', '15', '8', '1');
INSERT INTO `trabclube`.`itens` (`Compra_CodCompra`, `Compra_Cliente_CodCliente`, `produto_CodProduto` , `quant`) VALUES ('26', '15', '5', '1');
INSERT INTO `trabclube`.`itens` (`Compra_CodCompra`, `Compra_Cliente_CodCliente`, `produto_CodProduto` , `quant`) VALUES ('26', '15', '15', '1');
INSERT INTO `trabclube`.`itens` (`Compra_CodCompra`, `Compra_Cliente_CodCliente`, `produto_CodProduto` , `quant`) VALUES ('26', '15', '24', '1');
INSERT INTO `trabclube`.`itens` (`Compra_CodCompra`, `Compra_Cliente_CodCliente`, `produto_CodProduto` , `quant`) VALUES ('27', '16', '23', '1');
INSERT INTO `trabclube`.`itens` (`Compra_CodCompra`, `Compra_Cliente_CodCliente`, `produto_CodProduto` , `quant`) VALUES ('27', '16', '15', '1');
INSERT INTO `trabclube`.`itens` (`Compra_CodCompra`, `Compra_Cliente_CodCliente`, `produto_CodProduto` , `quant`) VALUES ('27', '16', '4', '1');
INSERT INTO `trabclube`.`itens` (`Compra_CodCompra`, `Compra_Cliente_CodCliente`, `produto_CodProduto` , `quant`) VALUES ('28', '17', '23', '1');
INSERT INTO `trabclube`.`itens` (`Compra_CodCompra`, `Compra_Cliente_CodCliente`, `produto_CodProduto` , `quant`) VALUES ('28', '17', '3', '1');
INSERT INTO `trabclube`.`itens` (`Compra_CodCompra`, `Compra_Cliente_CodCliente`, `produto_CodProduto` , `quant`) VALUES ('28', '17', '2', '1');
INSERT INTO `trabclube`.`itens` (`Compra_CodCompra`, `Compra_Cliente_CodCliente`, `produto_CodProduto` , `quant`) VALUES ('29', '18', '23', '1');
INSERT INTO `trabclube`.`itens` (`Compra_CodCompra`, `Compra_Cliente_CodCliente`, `produto_CodProduto` , `quant`) VALUES ('29', '18', '5', '1');
INSERT INTO `trabclube`.`itens` (`Compra_CodCompra`, `Compra_Cliente_CodCliente`, `produto_CodProduto` , `quant`) VALUES ('29', '18', '24', '1');
INSERT INTO `trabclube`.`itens` (`Compra_CodCompra`, `Compra_Cliente_CodCliente`, `produto_CodProduto` , `quant`) VALUES ('30', '19', '23', '1');
INSERT INTO `trabclube`.`itens` (`Compra_CodCompra`, `Compra_Cliente_CodCliente`, `produto_CodProduto` , `quant`) VALUES ('30', '19', '22', '1');
INSERT INTO `trabclube`.`itens` (`Compra_CodCompra`, `Compra_Cliente_CodCliente`, `produto_CodProduto` , `quant`) VALUES ('30', '19', '30', '1');
INSERT INTO `trabclube`.`itens` (`Compra_CodCompra`, `Compra_Cliente_CodCliente`, `produto_CodProduto` , `quant`) VALUES ('30', '19', '3', '1');
INSERT INTO `trabclube`.`itens` (`Compra_CodCompra`, `Compra_Cliente_CodCliente`, `produto_CodProduto` , `quant`) VALUES ('30', '19', '1', '1');

UPDATE `trabclube`.`itens` SET `quant` = '2 ' WHERE (`Compra_CodCompra` = '18') and (`Compra_Cliente_CodCliente` = '7') and (`produto_CodProduto` = '1') and (`quant` = '1');
UPDATE `trabclube`.`itens` SET `quant` = '3' WHERE (`Compra_CodCompra` = '30') and (`Compra_Cliente_CodCliente` = '19') and (`produto_CodProduto` = '1') and (`quant` = '1');
UPDATE `trabclube`.`itens` SET `quant` = '2' WHERE (`Compra_CodCompra` = '22') and (`Compra_Cliente_CodCliente` = '11') and (`produto_CodProduto` = '2') and (`quant` = '1');
UPDATE `trabclube`.`itens` SET `quant` = '2' WHERE (`Compra_CodCompra` = '13') and (`Compra_Cliente_CodCliente` = '2') and (`produto_CodProduto` = '3') and (`quant` = '1');
UPDATE `trabclube`.`itens` SET `quant` = '4' WHERE (`Compra_CodCompra` = '18') and (`Compra_Cliente_CodCliente` = '7') and (`produto_CodProduto` = '3') and (`quant` = '1');
UPDATE `trabclube`.`itens` SET `quant` = '2' WHERE (`Compra_CodCompra` = '25') and (`Compra_Cliente_CodCliente` = '14') and (`produto_CodProduto` = '3') and (`quant` = '1');
UPDATE `trabclube`.`itens` SET `quant` = '3' WHERE (`Compra_CodCompra` = '30') and (`Compra_Cliente_CodCliente` = '19') and (`produto_CodProduto` = '3') and (`quant` = '1');
UPDATE `trabclube`.`itens` SET `quant` = '5' WHERE (`Compra_CodCompra` = '3') and (`Compra_Cliente_CodCliente` = '28') and (`produto_CodProduto` = '4') and (`quant` = '1');
UPDATE `trabclube`.`itens` SET `quant` = '4' WHERE (`Compra_CodCompra` = '8') and (`Compra_Cliente_CodCliente` = '35') and (`produto_CodProduto` = '4') and (`quant` = '1');
UPDATE `trabclube`.`itens` SET `quant` = '3' WHERE (`Compra_CodCompra` = '12') and (`Compra_Cliente_CodCliente` = '31') and (`produto_CodProduto` = '5') and (`quant` = '1');
UPDATE `trabclube`.`itens` SET `quant` = '3' WHERE (`Compra_CodCompra` = '17') and (`Compra_Cliente_CodCliente` = '6') and (`produto_CodProduto` = '5') and (`quant` = '1');
UPDATE `trabclube`.`itens` SET `quant` = '2' WHERE (`Compra_CodCompra` = '26') and (`Compra_Cliente_CodCliente` = '15') and (`produto_CodProduto` = '5') and (`quant` = '1');
UPDATE `trabclube`.`itens` SET `quant` = '2' WHERE (`Compra_CodCompra` = '10') and (`Compra_Cliente_CodCliente` = '1') and (`produto_CodProduto` = '6') and (`quant` = '1');
UPDATE `trabclube`.`itens` SET `quant` = '6' WHERE (`Compra_CodCompra` = '13') and (`Compra_Cliente_CodCliente` = '2') and (`produto_CodProduto` = '6') and (`quant` = '1');
UPDATE `trabclube`.`itens` SET `quant` = '2' WHERE (`Compra_CodCompra` = '13') and (`Compra_Cliente_CodCliente` = '2') and (`produto_CodProduto` = '7') and (`quant` = '1');
UPDATE `trabclube`.`itens` SET `quant` = '3' WHERE (`Compra_CodCompra` = '17') and (`Compra_Cliente_CodCliente` = '6') and (`produto_CodProduto` = '8') and (`quant` = '1');
UPDATE `trabclube`.`itens` SET `quant` = '5' WHERE (`Compra_CodCompra` = '13') and (`Compra_Cliente_CodCliente` = '2') and (`produto_CodProduto` = '9') and (`quant` = '1');
UPDATE `trabclube`.`itens` SET `quant` = '4' WHERE (`Compra_CodCompra` = '22') and (`Compra_Cliente_CodCliente` = '11') and (`produto_CodProduto` = '9') and (`quant` = '1');
UPDATE `trabclube`.`itens` SET `quant` = '3' WHERE (`Compra_CodCompra` = '15') and (`Compra_Cliente_CodCliente` = '4') and (`produto_CodProduto` = '10') and (`quant` = '1');
UPDATE `trabclube`.`itens` SET `quant` = '2' WHERE (`Compra_CodCompra` = '20') and (`Compra_Cliente_CodCliente` = '9') and (`produto_CodProduto` = '10') and (`quant` = '1');
UPDATE `trabclube`.`itens` SET `quant` = '3' WHERE (`Compra_CodCompra` = '21') and (`Compra_Cliente_CodCliente` = '10') and (`produto_CodProduto` = '10') and (`quant` = '1');
UPDATE `trabclube`.`itens` SET `quant` = '4' WHERE (`Compra_CodCompra` = '10') and (`Compra_Cliente_CodCliente` = '1') and (`produto_CodProduto` = '14') and (`quant` = '1');
UPDATE `trabclube`.`itens` SET `quant` = '5' WHERE (`Compra_CodCompra` = '18') and (`Compra_Cliente_CodCliente` = '7') and (`produto_CodProduto` = '15') and (`quant` = '1');
UPDATE `trabclube`.`itens` SET `quant` = '6' WHERE (`Compra_CodCompra` = '26') and (`Compra_Cliente_CodCliente` = '15') and (`produto_CodProduto` = '15') and (`quant` = '1');
UPDATE `trabclube`.`itens` SET `quant` = '2' WHERE (`Compra_CodCompra` = '27') and (`Compra_Cliente_CodCliente` = '16') and (`produto_CodProduto` = '15') and (`quant` = '1');
UPDATE `trabclube`.`itens` SET `quant` = '2' WHERE (`Compra_CodCompra` = '20') and (`Compra_Cliente_CodCliente` = '9') and (`produto_CodProduto` = '20') and (`quant` = '1');
UPDATE `trabclube`.`itens` SET `quant` = '3' WHERE (`Compra_CodCompra` = '14') and (`Compra_Cliente_CodCliente` = '3') and (`produto_CodProduto` = '22') and (`quant` = '1');
UPDATE `trabclube`.`itens` SET `quant` = '3' WHERE (`Compra_CodCompra` = '2') and (`Compra_Cliente_CodCliente` = '29') and (`produto_CodProduto` = '23') and (`quant` = '1');
UPDATE `trabclube`.`itens` SET `quant` = '2' WHERE (`Compra_CodCompra` = '4') and (`Compra_Cliente_CodCliente` = '36') and (`produto_CodProduto` = '23') and (`quant` = '1');
UPDATE `trabclube`.`itens` SET `quant` = '4' WHERE (`Compra_CodCompra` = '7') and (`Compra_Cliente_CodCliente` = '33') and (`produto_CodProduto` = '23') and (`quant` = '1');
UPDATE `trabclube`.`itens` SET `quant` = '3' WHERE (`Compra_CodCompra` = '9') and (`Compra_Cliente_CodCliente` = '34') and (`produto_CodProduto` = '23') and (`quant` = '1');
UPDATE `trabclube`.`itens` SET `quant` = '5' WHERE (`Compra_CodCompra` = '12') and (`Compra_Cliente_CodCliente` = '31') and (`produto_CodProduto` = '23') and (`quant` = '1');
UPDATE `trabclube`.`itens` SET `quant` = '4' WHERE (`Compra_CodCompra` = '15') and (`Compra_Cliente_CodCliente` = '4') and (`produto_CodProduto` = '23') and (`quant` = '1');
UPDATE `trabclube`.`itens` SET `quant` = '2' WHERE (`Compra_CodCompra` = '17') and (`Compra_Cliente_CodCliente` = '6') and (`produto_CodProduto` = '23') and (`quant` = '1');
UPDATE `trabclube`.`itens` SET `quant` = '3' WHERE (`Compra_CodCompra` = '19') and (`Compra_Cliente_CodCliente` = '8') and (`produto_CodProduto` = '23') and (`quant` = '1');
UPDATE `trabclube`.`itens` SET `quant` = '6' WHERE (`Compra_CodCompra` = '21') and (`Compra_Cliente_CodCliente` = '10') and (`produto_CodProduto` = '23') and (`quant` = '1');
UPDATE `trabclube`.`itens` SET `quant` = '4' WHERE (`Compra_CodCompra` = '24') and (`Compra_Cliente_CodCliente` = '13') and (`produto_CodProduto` = '23') and (`quant` = '1');
UPDATE `trabclube`.`itens` SET `quant` = '5' WHERE (`Compra_CodCompra` = '26') and (`Compra_Cliente_CodCliente` = '15') and (`produto_CodProduto` = '23') and (`quant` = '1');
UPDATE `trabclube`.`itens` SET `quant` = '3' WHERE (`Compra_CodCompra` = '29') and (`Compra_Cliente_CodCliente` = '18') and (`produto_CodProduto` = '23') and (`quant` = '1');
UPDATE `trabclube`.`itens` SET `quant` = '2' WHERE (`Compra_CodCompra` = '3') and (`Compra_Cliente_CodCliente` = '28') and (`produto_CodProduto` = '24') and (`quant` = '1');
UPDATE `trabclube`.`itens` SET `quant` = '2' WHERE (`Compra_CodCompra` = '10') and (`Compra_Cliente_CodCliente` = '1') and (`produto_CodProduto` = '24') and (`quant` = '1');
UPDATE `trabclube`.`itens` SET `quant` = '4' WHERE (`Compra_CodCompra` = '18') and (`Compra_Cliente_CodCliente` = '7') and (`produto_CodProduto` = '24') and (`quant` = '1');
UPDATE `trabclube`.`itens` SET `quant` = '5' WHERE (`Compra_CodCompra` = '23') and (`Compra_Cliente_CodCliente` = '12') and (`produto_CodProduto` = '24') and (`quant` = '1');
UPDATE `trabclube`.`itens` SET `quant` = '2' WHERE (`Compra_CodCompra` = '12') and (`Compra_Cliente_CodCliente` = '31') and (`produto_CodProduto` = '26') and (`quant` = '1');
UPDATE `trabclube`.`itens` SET `quant` = '3' WHERE (`Compra_CodCompra` = '1') and (`Compra_Cliente_CodCliente` = '27') and (`produto_CodProduto` = '30') and (`quant` = '1');
UPDATE `trabclube`.`itens` SET `quant` = '2' WHERE (`Compra_CodCompra` = '22') and (`Compra_Cliente_CodCliente` = '11') and (`produto_CodProduto` = '30') and (`quant` = '1');
UPDATE `trabclube`.`itens` SET `quant` = '4' WHERE (`Compra_CodCompra` = '30') and (`Compra_Cliente_CodCliente` = '19') and (`produto_CodProduto` = '30') and (`quant` = '1');

/***FUNÇõES****/
/*Os produtos mais vendidos*/
select produto.Nome , itens.quant 
from itens
inner join  produto  on itens.produto_CodProduto = produto.CodProduto
group by produto.Nome
order by quant DESC ;

/* Nome dos clientes que realizaram alguma compra no dia 03/07/2018*/

SELECT cliente.Nome , compra.Data 
FROM cliente 
INNER JOIN compra ON cliente.CodCliente = compra.Cliente_CodCliente
WHERE compra.Data ='2018-07-03'
order by cliente.Nome

/*Nome de clientes que consumiram acima de 100 reais*/

SELECT cliente.Nome , compra.ValorTotal 
FROM cliente 
INNER JOIN compra ON cliente.CodCliente = compra.Cliente_CodCliente
WHERE compra.ValorTotal >'100' ;

/*Nome de clientes que foram a piscina*/
SELECT cliente.Nome , itens.produto_CodProduto
FROM cliente 
INNER JOIN itens ON cliente.CodCliente = itens.Compra_Cliente_CodCliente
WHERE itens.produto_CodProduto ='24'

/*Ordem decrescente da quantia comprada com nome e email do cliente*/
SELECT cliente.Nome , cliente.email , compra.ValorTotal
FROM cliente 
INNER JOIN compra ON cliente.CodCliente = compra.Cliente_CodCliente
order by compra.ValorTotal DESC

/*Relatório de compra do cliente 7*/
select cliente.Nome , cliente.Endereco , itens.produto_CodProduto , itens.quant 
from cliente 
inner join itens ON cliente.CodCliente = itens.Compra_Cliente_CodCliente
where CodCliente  = '7'
